ENS.geneID,ML3RNA-1,ML3RNA-2,ML3RNA-3,NormBMRNA-4,NormBMRNA-5,NormBMRNA-6
AAMP,661,576,933,479,507,627
AANAT,1,0,0,0,0,0
ABCA4,100,106,102,80,87,75
ABCB1,341,422,611,409,428,397
ABCB11,1,0,5,3,0,1
ABCC1,1334,1379,1406,936,976,963
ABCC2,0,0,1,2,1,0
ABCC4,3401,3714,4791,2553,2709,2914
ABCC5,631,724,729,603,509,498
ABCG2,591,746,934,678,772,758
ABO,24,22,27,15,18,28
ACAN,105,87,86,77,68,70
ACE2,2,4,0,0,0,0
ACKR3,0,0,0,0,0,0
ACP5,8,16,9,13,10,15
ACTB,17469,17666,25388,15815,17320,17556
ACTG1,49247,51429,66980,43229,48262,50070
ACTR1A,2163,2351,3517,2248,2175,2138
ACYP1,37,32,76,43,25,43
ADAM17,1782,1961,2290,1802,2080,1871
ADAM9,5836,6936,8121,5442,5627,5869
ADAMTS10,820,797,682,454,445,434
ADAMTS13,43,29,15,34,25,12
ADCY10,0,0,0,0,0,0
ADCY5,108,168,127,76,110,104
ADCY6,1471,1525,1736,1141,1141,1032
ADGRE2,19,12,17,3,12,8
ADH5,276,300,386,281,258,281
ADIPOQ,0,0,0,0,0,0
ADM,125,125,154,172,170,148
ADORA1,20,29,14,12,16,19
ADORA2A,360,377,539,395,405,423
ADORA2B,182,218,263,191,220,187
ADORA3,0,0,0,0,0,0
ADRA1A,0,0,0,0,0,0
ADRA1B,110,135,169,78,80,66
ADRB1,1,3,5,2,0,1
ADRB2,0,0,0,6,1,0
ADRB3,0,0,0,0,0,0
AFP,0,3,0,0,0,0
AGER,24,50,36,29,22,15
AGL,2508,3204,3670,2051,2232,2326
AICDA,0,0,0,0,0,0
AK1,626,699,790,526,583,559
AK6,64,78,101,83,78,82
AKAP2,364,411,408,277,286,303
AKAP8,908,841,947,536,565,553
AKR1A1,489,619,830,466,524,483
AKR1B1,170,109,256,131,142,147
AKR1C3,0,0,0,0,0,0
AKT2,717,743,846,463,568,575
ALB,1,2,0,1,0,0
ALDH1A1,0,0,0,0,0,0
ALDH1A2,0,0,0,0,0,0
ALDH3A1,0,0,0,0,0,0
ALDOC,2021,2229,3936,4546,4117,3075
ALOX5,3,5,2,0,2,1
ALPL,301,274,74,209,144,152
AMN,4,2,7,2,4,4
AMT,507,564,385,355,305,270
ANGPT1,567,583,689,516,589,565
ANGPT2,3,0,6,0,4,3
ANGPTL1,22,36,31,9,18,18
ANKHD1,1619,1744,1971,1486,1614,1399
ANO5,537,644,617,628,597,566
ANP32A,1259,1359,1839,1305,1180,1318
ANPEP,306,296,197,295,330,322
ANXA1,11603,13743,18408,13154,13691,14014
ANXA13,10,20,6,17,22,8
ANXA2,20319,22992,30377,18398,19338,20453
ANXA4,1748,1937,2500,1777,1730,1660
AOX2,0,0,0,1,0,0
AOX4,0,0,0,0,0,0
AP2M1,6368,6645,9338,5313,5429,5554
AP3B1,3146,3736,4603,3048,3374,3413
AP3M1,1590,1731,2288,1584,1625,1594
AP3M2,98,151,151,135,198,132
AP3S2,537,666,818,441,515,522
APEX1,1844,1672,2841,1524,1508,1528
APITD1,82,100,135,53,67,59
APOC1,0,2,0,0,2,0
APOC2,0,0,0,0,0,0
APOC3,0,0,0,0,0,0
APOH,0,0,0,0,0,0
APP,47942,52515,43827,34817,38708,41564
APTX,187,197,271,209,177,138
AQP1,2,2,2,0,0,0
AR,297,324,318,315,349,245
ARF1,931,987,1264,844,968,888
ARG2,858,923,1254,1019,1052,967
ARHGAP1,1497,1527,2220,1251,1275,1382
ARHGAP18,400,542,668,417,520,402
ARHGAP35,2505,2799,3203,2267,2371,2206
ARHGAP8,0,0,0,0,0,0
ARHGEF2,3452,3506,4286,2187,2430,2483
ARHGEF39,434,438,757,432,395,390
ARPIN,1046,1166,1197,823,847,1011
ARSA,2035,2045,1974,1311,1518,1397
ARSB,625,845,769,404,477,638
ARSE,374,426,380,295,330,338
ARSG,19,13,21,19,16,14
ARSH,9,0,2,1,0,2
ARSI,3,1,3,4,1,0
ARSJ,710,682,841,621,719,691
ARSK,517,532,694,488,580,506
ARX,2,13,5,4,5,8
ASB17,0,0,0,0,0,0
ASB3,722,758,1008,583,717,726
ASIP,0,0,0,0,2,0
ASPH,755,916,922,836,880,910
ASPM,1263,1533,2191,1387,1325,1373
ASUN,473,578,738,497,540,548
ATM,1037,1186,1426,975,915,874
ATOX1,789,763,1029,699,634,665
ATP1A1,8815,9167,13439,8480,8495,8896
ATP1B1,551,647,1086,725,749,693
ATP2A2,5126,5650,7451,4399,4573,4754
ATP2B1,2542,2838,3049,2003,2151,2166
ATP4A,0,0,0,0,1,0
ATP4B,3,0,4,1,1,4
ATP5A1,5989,6605,9892,5951,6121,6262
ATP6V0E1,1047,1154,1816,966,1090,1170
ATP6V1G2,1,0,2,1,4,0
ATP7B,556,541,590,362,410,391
AVP,0,0,0,0,0,0
AVPR1A,0,0,0,0,0,0
AVPR2,1,0,0,0,0,0
AZGP1,0,0,0,0,0,0
AZIN1,4039,4565,5421,3994,4872,4517
AZIN2,128,126,148,159,144,103
B2M,1452,1726,1621,3109,3845,3367
B3GALT4,188,156,162,140,158,142
B3GALT6,204,198,299,140,137,126
B3GAT1,0,0,0,0,0,0
B3GAT2,29,27,25,28,23,27
BACE1,2048,2125,2633,1512,1525,1620
BAD,205,240,269,164,185,164
BAX,170,151,285,199,158,179
BCAN,3,0,2,0,0,0
BCL2,118,130,174,89,99,119
BCL2L1,480,515,693,411,515,461
BCL2L2,219,198,276,155,188,171
BCL6,738,748,717,529,615,527
BDKRB1,3,1,7,4,2,2
BDKRB2,87,98,207,104,158,119
BDNF,18,11,19,16,8,14
BEST1,7,3,4,8,13,6
BEX4,88,83,114,92,104,83
BGN,11165,10755,10783,7107,7678,8163
BHLHE41,1508,1610,1806,1666,1617,1500
BID,1615,1933,2344,1361,1614,1589
BIRC2,793,1006,1233,635,791,833
BIRC3,252,336,423,220,250,252
BIRC5,803,814,1551,619,740,708
BIVM,439,543,660,433,423,435
BMI1,936,1115,1236,703,839,996
BMP4,832,728,809,690,711,754
BMP7,130,173,129,131,155,116
BMPR1A,1260,1369,1611,1149,1208,1150
BMPR1B,122,162,95,48,69,70
BRCA1,1044,1040,1158,743,636,636
BRCA2,776,838,1091,546,638,591
BRD2,5409,5956,6119,3985,4518,4441
BTF3,2113,2387,2752,1968,1953,1909
C15H16orf87,125,117,131,128,100,101
C16H7orf55,67,65,88,61,50,76
C17H2orf71,0,0,0,4,0,0
C18H11orf31,385,346,526,204,244,246
C29H8orf34,0,0,0,0,0,1
C31H21orf62,0,0,0,2,0,0
C5AR1,1,0,4,0,1,0
C6H16orf82,0,0,0,0,0,0
C6H16orf93,76,81,95,58,61,39
CA1,0,0,0,0,0,0
CA2,179,163,228,215,194,205
CA3,10,2,1,2,2,0
CA6,0,0,0,0,0,0
CA9,95,128,29,259,155,141
CABYR,172,198,354,155,137,146
CAECAM1,17,9,18,18,31,18
CAFA-T2R12,0,0,0,0,0,0
CAFA-T2R2,0,0,0,0,0,0
CAFA-T2R43,0,0,0,0,0,0
CAFA-T2R67,0,0,0,0,0,0
CALCA,0,0,0,0,0,0
CALCB,0,0,0,0,0,0
CALCR,0,0,0,0,0,0
CAMP,0,0,0,0,0,0
CANX,19256,22522,25657,17688,19629,19476
CAPS,36,50,56,43,42,28
CAPZA2,1919,2143,2869,1964,2111,2042
CAR1,7,4,3,7,1,2
CASP12,1,3,1,9,1,5
CASP2,1157,1134,1567,861,923,1039
CASP3,489,580,698,644,589,548
CASP4,0,0,0,0,1,0
CASP8,328,496,658,375,380,415
CASP9,466,437,619,317,360,342
CASR,0,0,0,0,0,0
CAT,1697,1762,1793,1265,1328,1360
CAV1,2330,2541,3408,2426,2629,2668
CAV2,1463,1938,1934,1757,1850,1757
CAV3,1,0,1,2,1,0
CBD103,2,1,1,4,0,0
CBD118,0,0,0,0,0,0
CCDC179,0,0,0,0,0,0
CCDC56,325,337,491,346,361,301
CCDC66,497,613,615,419,486,421
CCKAR,0,0,0,0,0,0
CCKBR,0,1,0,0,0,0
CCL1,0,0,0,0,0,0
CCL13,0,0,0,0,0,0
CCL17,16,25,32,20,24,15
CCL19,0,0,0,0,0,0
CCL2,3630,3842,3288,3636,5212,4679
CCL20,2,1,7,0,0,0
CCL21,0,0,0,0,0,0
CCL24,0,2,0,0,0,3
CCL25,0,1,5,2,0,0
CCL26,0,0,1,3,2,0
CCL27,5,8,30,9,17,10
CCL28,0,0,0,0,0,0
CCL3,0,0,0,0,0,0
CCL4,0,0,0,0,2,0
CCL5,19,19,10,33,35,29
CCL7,6,9,7,3,14,7
CCL8,0,0,0,0,0,0
CCNB3,210,193,404,279,238,225
CCND1,163,127,316,165,144,160
CCR1,0,0,0,0,0,0
CCR3,0,0,0,0,0,0
CCR4,0,0,0,0,0,0
CCR5,0,0,0,0,0,0
CCR9,0,0,0,0,0,0
CCS,471,374,408,309,362,312
CD163,7,11,12,4,10,1
CD1A6,0,0,0,0,0,0
CD1B,0,0,0,0,0,0
CD1C,0,0,0,0,0,0
CD209,0,0,0,0,0,0
CD274,31,49,71,41,84,56
CD28,0,0,0,4,0,0
CD34,26,4,12,2,3,0
CD36,3,5,4,0,4,4
CD38,3,8,7,3,4,3
CD3E,0,0,0,0,0,0
CD4,0,0,0,0,0,0
CD40,94,77,83,118,85,78
CD40LG,1,2,0,2,2,1
CD44,4046,4329,6332,4301,4499,4113
CD47,1683,2065,1979,1734,1911,1744
CD52,0,0,0,1,6,0
CD5L,0,0,0,0,0,0
CD80,26,69,49,46,41,37
CD86,0,0,0,0,0,0
CD8A,0,0,0,0,0,0
CD97,1442,1478,2209,1136,1282,1258
CDC25A,89,129,197,56,91,72
CDC42,729,750,1076,726,755,735
CDC42SE1,653,714,939,486,567,550
CDC73,458,527,742,385,416,501
CDH1,208,363,93,219,220,202
CDH2,1239,1618,2324,1380,1543,1605
CDH20,0,0,0,0,0,0
CDK2AP1,1155,1318,1935,1041,1147,1266
CDKAL1,383,324,428,247,335,284
CDKN1B,1016,941,1020,579,763,672
CDKN2B,210,134,159,114,119,119
CE10,0,0,0,0,0,0
CE9,0,0,0,0,0,0
CEACAM1,44,42,114,63,91,81
CEACAM16,2,0,0,5,1,0
CEACAM23,3,2,0,0,0,0
CEACAM24,0,0,0,0,0,0
CEACAM28,23,34,18,16,40,17
CEACAM30,0,0,0,0,0,0
CELA1,0,0,0,0,1,4
CES1,0,0,0,0,0,0
CES5A,0,0,0,0,0,0
CFDP1,2775,3154,3775,2544,2526,2803
CFOLF1,0,0,0,0,0,0
CFOLF4,0,0,0,0,0,0
CFTR,0,0,1,2,1,0
CGA,0,1,0,4,0,1
CGN,45,80,49,79,67,44
CHI3L1,0,4,5,0,1,0
CHRNA1,8,12,7,5,7,6
CHST4,1,3,0,0,0,0
CKLF,0,0,0,0,0,0
CKMT2,8,3,18,10,7,4
CLCN1,30,27,23,9,29,15
CLCN3,1544,1846,2468,1561,1731,1591
CLDN2,5,0,1,0,0,0
CLDN3,0,0,0,0,0,0
CLIC1,3325,3625,6175,3837,3771,3716
CLIC2,396,523,437,510,385,459
CLN3,485,513,704,408,384,390
CLN5,1629,1997,2652,1811,1945,1937
CLN6,430,374,455,362,393,328
CLN8,100,87,184,88,90,108
CLNS1A,274,266,384,252,224,282
CLPS,0,0,0,0,0,0
CLU,35276,37330,39317,31833,34513,34903
CLUL1,2,0,0,3,0,0
CMA1,5,1,2,2,1,3
CMTM1,0,0,0,0,0,0
CNBP,2922,3520,4300,2312,2527,2890
CNGA1,4,4,2,10,2,11
CNGA3,0,1,0,0,0,0
CNGB1,0,0,0,0,0,0
CNGB3,0,0,0,0,0,0
CNR2,0,0,0,0,0,0
CNTFR,9,13,10,19,17,11
CNTNAP5,0,0,0,1,0,0
COL1A1,336769,326672,336018,190756,214710,235132
COL1A2,249553,265596,214506,136075,147290,168127
COL2A1,12,12,15,7,7,4
COL4A4,0,3,3,0,0,0
COL4A5,31,48,38,25,34,42
COL6A3,780,943,690,809,745,675
COL7A1,185,177,168,139,138,125
COL9A2,517,603,441,444,444,411
COL9A3,6,12,2,4,10,9
COMMD1,808,1021,1053,716,826,814
COMMD3,716,857,969,621,673,657
COMT,1918,1747,2355,1588,1759,1700
cOR10A3,0,0,0,0,0,0
COR11G5,0,0,0,0,0,0
COR11G9,0,0,0,0,0,0
COR12E4,0,0,0,0,0,0
COR13C13,0,0,0,0,0,0
cOR13M4,0,0,0,0,0,0
COR1A3,0,0,0,0,0,0
COR2T18,0,0,0,0,0,0
cOR51P3,0,0,0,0,0,0
COR52J8,0,0,0,0,0,0
cOR52N9,0,0,0,0,0,0
cOR52P3,0,0,0,0,0,0
COR56A6,0,0,0,0,0,0
cOR56B2,0,0,0,0,0,0
COR5L1,0,0,0,0,0,0
COR6C13,0,0,0,0,0,0
COR6C40,0,0,0,0,0,0
COR6C47,0,0,0,0,0,0
COR6D7,0,0,0,0,0,0
cOR9K3,0,0,0,0,0,0
COR9S5,0,0,0,0,0,0
cOR9S7P,0,0,0,0,0,0
COX16,50,72,85,41,60,66
COX17,192,250,335,263,240,245
COX5A,223,247,405,267,233,264
COX5B,1060,891,1468,955,924,897
COX8A,729,609,1247,584,608,602
CPB1,0,0,0,0,0,0
CPNE1,2742,2941,3608,2553,2840,2711
CPT1A,3818,4309,4661,2553,2936,3002
CREM,124,110,173,143,140,111
CRH,3,2,3,1,8,1
CRSP-2,0,0,0,0,0,0
CRSP-3,0,0,0,0,0,0
CRSP-4,0,0,0,0,0,0
CRX,0,0,2,0,0,0
CRYAA,0,0,0,0,0,0
CRYBA1,1,3,5,0,0,2
CRYBA4,7,5,17,7,14,16
CRYBB2,0,0,0,0,0,0
CRYGA,0,0,0,0,0,0
CRYGB,0,0,0,0,0,0
CRYGC,0,0,0,0,0,0
CRYGD,0,0,0,0,0,0
CRYGS,7,6,10,10,9,4
CRYZ,94,112,115,88,90,67
CSDA,2219,2226,2727,1876,1942,1979
CSF2,0,0,2,2,0,1
CSN2,0,0,0,0,0,0
CTF1,48,31,58,33,39,30
CTLA4,1,1,4,1,1,1
CTNNB1,8435,10039,10764,7271,7745,7889
CTSA,1703,1680,2041,1371,1411,1409
CTSC,113,124,160,43,84,107
CTSD,837,747,1297,1029,1206,843
CTSK,1606,1642,2128,1645,1649,1565
CTSS,28,59,21,32,33,25
CTXN1,96,34,111,28,41,67
CUBN,164,175,267,200,145,145
CX3CL1,1217,1234,1340,974,975,999
CX3CR1,0,0,0,0,0,5
CXCL10,255,296,330,686,840,646
CXCL12,0,0,0,0,0,0
CXCL8,734,993,1171,1231,2105,1402
CXCR2,0,0,0,0,0,0
CXCR3,0,0,0,0,0,0
CXCR4,2,11,1,0,5,2
CYB5A,369,428,787,568,463,397
CYB5R1,788,757,994,651,652,629
CYB5R3,1753,1805,2307,1449,1651,1628
CYBA,2354,2277,2376,1577,1769,1800
CYBB,6,3,5,2,4,7
CYCS,685,838,1601,710,769,705
CYGB,0,0,0,0,0,0
CYP19A1,0,0,0,0,0,0
CYP1A2,0,0,0,0,0,0
CYP1B1,899,950,1034,611,689,667
CYP21A2,80,74,142,74,67,72
CYP2A13,0,0,0,0,0,0
CYP2A7,0,0,0,0,0,0
CYP2B6,0,0,0,0,0,0
CYP2C18,46,30,159,62,40,43
CYP2D15,0,0,0,0,0,0
CYP2E1,0,0,0,0,0,0
CYP3A12,2,7,1,3,3,1
CYP3A26,0,0,0,1,0,0
CYP4A11,0,0,0,0,0,0
CYP4A37,0,0,0,0,0,0
CYP4A38,0,0,0,0,0,0
CYP4X1,0,0,0,0,0,0
DAG1,9870,10441,14105,10208,10787,9882
DAPK1,422,430,555,300,329,340
DBH,0,0,0,0,1,0
DBI,908,925,1559,794,761,933
DCN,9993,10904,9485,6585,7193,8146
DCT,0,0,0,0,0,0
DDOST,7313,7770,8154,5739,6402,6644
DDX39B,3035,3215,3709,1990,2266,2528
DDX5,13012,15192,18223,10788,10776,11202
DEFB1,0,0,0,0,0,0
DEFB105A,0,0,0,0,0,0
DEFB112,0,0,0,0,0,0
DEFB116,0,0,0,0,0,0
DEFB119,0,0,0,0,0,0
DEFB122,0,0,0,0,0,0
DEFB124,0,0,0,0,0,2
DEFB126,0,0,0,0,0,0
DEFB127,0,0,0,0,0,0
DEFB128,0,0,0,0,0,0
DEFB129,0,0,0,0,0,0
DEFB132,0,0,0,0,0,0
DEFB3L,0,0,0,0,0,0
DEFB4A,0,0,0,0,0,0
DES,7,12,23,20,29,15
DHDH,37,45,50,68,40,38
DHRS4,520,661,760,551,572,572
DIABLO,791,929,1333,691,805,846
DIO1,7,12,6,5,4,7
DIO2,2,1,5,12,8,11
DIO3,2,2,3,9,4,9
DKK3,3418,3477,3771,3037,3281,3253
DLA-12,252,214,256,474,490,473
DLA-64,191,130,122,320,380,320
DLA-79,0,3,0,3,1,1
DLA-DMA,29,44,36,52,37,24
DLA-DMB,14,8,31,18,15,9
DLA-DOB,3,5,3,7,6,3
DLA-DQA1,0,2,0,2,2,0
DLA-DQB1,0,0,3,0,1,0
DLA-DRA,0,1,1,0,2,0
DLA88,1143,970,876,1300,1835,1708
DLC1,2303,2516,2510,1612,1808,1758
DLD,1272,1499,1863,1367,1359,1299
DMD,542,639,683,432,503,533
DNAJA1,623,644,855,577,574,695
DNAJC25,384,503,540,319,409,441
DNASE1,15,20,42,8,10,26
DNM1,13,20,18,24,11,10
DPT,982,1056,809,1120,1035,924
DRD2,0,0,0,0,0,0
DSG1,0,0,0,0,0,0
DSG3,0,0,0,0,0,0
DSTYK,329,349,374,325,273,274
DUOX1,1,0,6,6,4,1
DYNLRB1,1061,1119,1669,1031,1006,1072
DYNLT3,567,619,862,618,739,638
DZIP1,2918,3407,3855,2596,2628,2831
EBAG9,432,576,604,546,631,545
EDA,5,3,1,14,7,5
EDN1,8,3,4,10,16,11
EDN2,73,69,94,52,74,78
EDN3,0,0,0,0,0,0
EDNRA,51,45,20,29,20,33
EDNRB,0,1,1,0,0,1
EEF1A1,26309,29746,30538,19027,21477,22357
EFNB2,64,92,48,28,48,28
EGF,0,0,0,0,0,0
EIF1,6604,7659,8608,4967,6024,6086
EIF2AK1,925,1010,1587,995,958,894
EIF2AK2,678,733,1269,1356,1355,1285
EIF2D,714,838,1127,584,667,703
EIF3L,458,509,638,399,351,373
EIF4A1,3715,3986,5649,3034,2779,3367
EIF4E2,258,277,405,182,220,210
EIF4EBP3,141,121,147,97,113,101
ELANE,2,0,0,0,0,0
ELSPBP1,3,0,0,0,3,2
EMR1,0,0,0,0,0,0
EMR3,69,78,101,83,93,93
EMR4,0,0,0,0,0,0
EOGT,521,563,818,629,616,562
EPB41,577,614,598,487,586,469
EPB41L5,189,272,309,186,211,197
EPO,0,2,0,3,0,0
EPOR,1,1,0,5,1,3
EPT1,272,330,538,404,490,446
ERBB2,1407,1566,1917,1210,1267,1318
ESR1,4,0,10,9,6,6
ESRRA,235,268,415,172,210,186
ETF1,268,295,410,243,270,274
ETFDH,1477,1614,1871,1357,1232,1354
EWSR1,1704,1764,2034,1247,1283,1203
EZR,5147,5485,8713,4884,5316,5219
F11,0,0,0,3,0,0
F2RL1,55,68,101,91,73,86
F3,949,1177,1449,1030,1077,1076
F7,0,0,0,0,0,0
F8,0,1,0,0,0,0
F9,0,0,0,0,0,0
FABP1,0,0,0,0,0,0
FAM151A,61,74,122,61,105,56
FAM32A,208,280,297,192,188,193
FAM83H,525,500,579,369,414,350
FASLG,0,0,0,0,0,0
FASTK,764,758,843,489,490,464
FBN1,32770,36923,38496,22298,23258,25455
FBXO9,790,894,1039,649,722,749
FCER1A,0,0,0,2,1,0
FCER1G,0,0,4,0,0,0
FCGR1A,0,0,0,0,0,0
FER,333,442,491,439,422,444
FGF5,29,33,87,42,52,45
FGF7,3,2,0,0,1,0
FGFR1OP2,274,364,429,305,331,325
FGFR2,795,918,903,598,646,618
FHIT,10,4,7,8,10,11
FIG4,568,623,848,506,639,614
FKBP1A,838,787,1103,816,829,791
FLCN,748,798,1004,687,654,631
FLT3,602,796,880,647,708,722
FLT3LG,77,81,108,64,64,71
FMO1,0,0,0,0,0,0
FMO3,215,245,298,268,263,268
FOLH1,1931,2268,1904,1943,2163,2156
FOSB,77,156,91,133,72,104
FOXI3,0,0,0,0,0,0
FOXP3,3,9,3,6,2,6
FPGT,243,324,290,185,327,253
FTH1,4986,5393,6017,4528,4681,4680
FTL,5902,5855,7282,5195,5711,5200
FUCA1,4905,5712,5440,4967,5609,5369
FUNDC2,288,290,433,220,294,303
FUT10,179,185,212,122,143,139
FUT5,0,0,0,0,0,0
FUT7,0,0,0,0,5,1
FUT8,1044,1160,1603,1093,1230,1117
FUT9,0,0,0,0,0,0
FXN,59,81,109,52,68,90
FXYD1,628,612,627,384,459,534
FXYD2,0,0,0,0,0,0
FXYD6,0,1,4,10,0,4
FYTTD1,665,743,976,662,682,657
FZD6,3060,3668,4577,2948,3068,3092
G6PC,2,4,0,0,2,0
GAD1,0,0,0,0,0,0
GAD2,5,2,6,6,8,2
GAL3ST1,0,0,0,2,0,0
GALC,266,368,314,171,169,170
GALK1,927,905,1237,742,713,814
GALNS,576,608,508,354,412,438
GAPDH,28509,30354,40608,26450,26974,26665
GATA4,102,117,138,56,77,69
GATM,20,63,63,65,66,55
GBGT1,1372,1335,1938,1196,1202,1233
GCG,0,0,0,0,0,0
GCKR,10,15,25,10,5,5
GDF9,63,52,40,34,23,41
GDI1,2409,2605,3239,2216,2329,2367
GDI2,3390,3867,5502,3071,3250,3402
GFI1,2,9,0,0,5,4
GGTA1,4530,5519,6363,4400,4732,4633
GH1,0,0,0,0,0,0
GHR,481,559,537,434,467,426
GHRH,0,0,0,1,4,0
GHRL,5,0,6,2,1,3
GHSR,0,0,0,0,0,0
GIF,0,0,0,0,6,0
GJA1,1984,2225,2904,1872,1951,2065
GJA5,2,0,2,3,1,0
GJB2,125,185,261,203,212,205
GJC1,385,490,540,381,364,383
GLB1,2537,2604,2615,1845,1958,2074
GLUL,1891,1937,2129,1772,1723,1727
GNAI2,4002,4096,5088,3604,3694,3655
GNAQ,546,674,675,391,458,492
GNAS,16915,17601,22727,14634,14868,15042
GNAT1,3,3,5,1,0,4
GNB1,7298,7956,10320,6563,6852,7116
GNB3,2,2,3,1,1,0
GNG10,809,809,1019,555,687,627
GNGT1,0,0,0,0,0,0
GNGT2,0,1,0,0,0,0
GNRHR,0,0,0,0,0,0
GOT1,407,355,639,340,278,287
GOT2,604,669,1125,645,628,690
GP1BA,1,0,6,0,3,0
GP2,0,2,0,0,1,0
GPR44,0,0,0,0,0,0
GPR83,55,39,43,39,43,33
GPX1,8248,7788,11653,4540,4865,5445
GPX2,10,3,1,3,3,1
GPX3,1,5,3,2,1,1
GPX5,0,0,0,0,0,0
GPX6,1,0,0,0,0,0
GPX8,2318,2747,3426,2327,2651,2656
GRIK5,5,2,20,14,9,11
GRIN1,1,0,4,4,1,2
GRIN2B,0,0,0,0,0,0
GSTA4,736,774,899,641,686,659
GSTP1,743,679,1051,552,545,584
GTDC2,281,320,437,231,245,202
GTF2A1L,0,0,0,0,0,0
GUCA2A,0,0,0,0,2,0
GUCY1A3,27,40,38,48,60,52
GUCY1B3,14,19,39,23,27,26
GUCY2D,0,0,0,0,0,0
GUSB,2058,2204,1898,1586,1688,1841
GYPA,0,0,0,0,0,0
GYPC,98,82,68,68,70,70
H19,249,287,1029,426,379,239
H2AFZ,3811,3891,6618,3157,3322,3491
HAGHL,236,168,249,210,204,156
HAMP,1,0,0,1,0,0
HAVCR1,10,16,16,23,8,9
HAVCR2,14,10,30,16,33,33
HCAR1,0,0,0,0,0,0
HCRT,0,0,0,0,0,0
HCRTR2,0,0,0,0,0,0
HEY1,23,27,31,23,10,5
HGF,51,62,33,83,45,77
HGFAC,93,121,112,48,25,31
HGS,1117,1074,1637,775,867,817
HIF1A,4666,5705,7153,5727,6340,5617
HIPK2,551,527,794,441,391,432
HLA-DRB1,2,5,3,7,4,3
HMGA1,1257,1217,2206,1347,1394,1276
HMGB1,7283,8375,11432,5972,6504,7013
HMGN2,3437,3730,4863,2489,2545,3002
HMOX1,302,266,403,232,270,225
HN1,458,459,807,472,516,508
HNRNPK,9800,11269,13813,8794,9314,9992
HOTAIR,0,0,0,0,0,0
HOXA10,176,184,204,83,140,129
HPGD,0,6,0,5,4,2
HPGDS,1,0,0,0,0,0
HPRT1,874,1062,1265,1183,1138,1114
HRAS,236,187,267,160,159,140
HRH2,1,3,0,0,0,1
HSD11B1,0,0,0,0,0,0
HSD17B14,129,180,118,58,75,80
HSD3B2,0,0,0,0,0,2
HSDL2,620,794,888,517,576,530
HSF4,271,253,310,225,172,184
HSP70,97,100,128,85,76,81
HSP90B1,26298,31350,38832,28464,30944,31735
HSPA4,2540,2891,4756,2682,2845,2920
HSPB1,4315,4402,5534,2865,3066,3387
HSPB8,933,1072,1561,866,954,998
HTATSF1,1217,1361,1644,1041,1036,1253
HTR1A,0,0,0,0,0,0
HTR1B,331,296,394,173,243,261
HTR1D,26,20,62,30,28,52
HTR2A,0,0,2,1,0,0
HTR2B,4,21,13,1,8,7
HTR2C,0,0,0,0,0,0
HTR3A,0,0,0,0,0,0
HTRA2,493,455,491,351,330,371
IAPP,0,0,0,0,0,0
ICAM1,8715,9777,14576,6895,7917,8473
ICOS,0,0,0,0,0,0
ID3,394,362,411,252,304,318
IDS,1274,1499,1803,1212,1388,1260
IFNA5,0,0,0,0,0,0
IFNA6,0,0,0,0,0,0
IFNA7,0,0,0,0,0,0
IFNA8,0,0,0,0,0,0
IFNB1,0,0,0,0,0,0
IFNG,0,0,0,0,0,0
IFNK,1,1,1,1,2,4
IGF2,0,0,3,0,0,1
IGF2R,8563,9480,10245,7371,7888,7430
IL10,0,0,3,0,0,0
IL12A,90,120,119,81,89,93
IL12B,0,0,1,0,0,2
IL12RB2,33,41,54,24,19,14
IL13,0,3,0,0,1,0
IL13RA2,0,2,12,3,4,5
IL15,0,0,0,0,0,0
IL17A,0,0,0,0,0,0
IL18,0,0,0,0,0,0
IL18BP,272,299,330,208,188,225
IL1A,5,9,12,4,7,4
IL1B,10,9,12,7,8,5
IL1RN,1,0,0,0,0,1
IL2,0,0,0,0,0,0
IL21,0,0,0,0,0,0
IL29L,1,0,0,0,0,0
IL2RA,1,1,2,0,5,4
IL2RB,0,0,0,0,0,0
IL2RG,1,10,2,3,5,2
IL3,0,0,0,0,0,0
IL31,0,0,0,0,0,0
IL33,9,12,10,24,19,17
IL4,1,0,0,0,0,0
IL5,2,14,4,12,7,3
IL6,7,9,8,2,9,6
IL6ST,9157,10527,10107,7820,8679,8777
IL7,0,0,2,0,7,0
INPP5A,1092,1155,1459,898,989,979
INS,0,0,0,0,0,0
INSL3,0,0,0,0,0,0
INVS,860,1001,1119,844,861,831
IQCB1,368,365,438,315,314,269
ISY1,576,603,651,395,514,535
ITGA2B,29,28,43,29,37,26
ITGAD,0,0,0,0,0,0
ITGB3,1228,1442,2007,1382,1342,1332
JAK1,6966,8206,9025,6153,6613,6515
JMJD7,206,152,186,106,141,157
JUP,4665,4623,5658,3653,3947,3783
KCNA2,0,0,0,0,0,0
KCNA5,2,0,0,0,0,3
KCNB2,0,0,0,0,0,0
KCNC1,1,0,1,0,0,0
KCNE2,3,1,7,0,3,0
KCNH2,0,2,0,0,0,0
KCNIP2,11,17,14,4,11,17
KCNJ12,37,49,45,27,26,29
KCNJ2,5,4,8,13,6,7
KCNMA1,0,0,0,0,0,0
KCNMB1,16,7,16,19,10,16
KDM5C,3930,4187,4765,2975,3306,3083
KDM6A,1267,1373,1510,1155,1286,1176
KDR,38,27,58,22,23,28
KHK,37,30,46,47,38,35
KIF1A,837,877,1137,443,603,504
KIT,6,8,1,0,1,1
KITLG,87,76,56,76,99,68
KLK1,0,0,0,0,0,0
KLK10,0,0,0,0,0,0
KLK14,4,3,7,1,1,0
KLK2,0,0,0,0,0,0
KLK4,0,0,0,0,0,0
KLK5,0,0,0,0,0,0
KLK6,0,0,0,0,0,0
KLK7,0,0,0,0,0,0
KLK8,0,0,0,0,0,0
KLK9,0,0,0,0,0,0
KLKB1,17,19,4,4,18,19
KLRA1,3,3,1,7,1,5
KLRD1,0,0,0,0,0,0
KMO,0,4,0,0,1,1
KRT1,0,0,0,0,0,0
KRT10,188,121,328,127,177,158
KRT12,1,6,5,4,1,2
KRT14,2,0,0,0,1,0
KRT15,0,0,0,0,0,0
KRT19,0,0,0,0,0,0
KRT2,0,0,0,0,0,0
KRT71,0,0,0,0,0,0
KRT76,0,0,1,0,0,0
KRT9,0,0,1,0,0,0
KRTCAP2,1167,1099,1297,912,905,925
KRTDAP,0,0,0,0,0,0
LALBA,0,0,0,0,0,0
LAMC2,9,8,18,11,22,19
LATS1,527,608,761,461,514,503
LCN1,0,0,0,0,0,0
LDHB,1160,1293,1782,1076,1134,1214
LDHC,0,0,0,0,1,0
LEP,0,0,0,0,0,0
LEPR,2775,3506,2910,2012,2287,2699
LEPROTL1,628,686,805,581,624,570
LGALS1,7561,7419,7566,5333,5357,6116
LGALS12,0,0,0,3,5,0
LGALS2,100,101,91,69,90,62
LGALS3,3209,3384,4075,2424,2391,2538
LGALS4,8,5,2,0,1,2
LGALS8,1546,1590,1924,1319,1323,1435
LGALS9,2045,2109,4055,6118,6054,5643
LGSN,0,0,0,0,0,0
LHB,7,2,12,3,1,5
LHX3,0,0,0,0,0,0
LIF,110,95,132,72,116,107
LIFR,708,897,1070,794,828,738
LIPC,1473,1447,1195,1155,1286,1279
LIPF,0,0,0,0,0,0
LMAN2,2611,2785,3478,2159,2422,2527
LMNA,10715,10625,16032,7738,8766,9032
LOC100049001,0,0,0,0,0,0
LOC100687463,0,0,0,0,0,0
LOC100855540,0,1,5,3,2,0
LOC100855558,4,3,1,2,3,2
LOC403555,155,128,168,131,114,133
LOC403581,7183,6834,12024,6369,6728,6784
LOC403829,290,269,366,234,272,216
LOC448801,0,0,0,0,0,0
LOC476104,0,0,0,0,0,0
LOC476445,53,52,39,7,24,17
LOC478000,1332,1519,2057,1206,1328,1426
LOC478001,0,1,3,0,0,0
LOC479649,5,2,1,7,2,4
LOC480600,0,0,0,0,0,0
LOC480784,0,0,0,0,0,0
LOC481674,6,1,0,0,0,0
LOC481744,524,533,807,554,513,515
LOC491788,0,0,0,0,0,0
LOC609115,1870,2217,2583,1651,1804,1880
LOC609402,0,0,0,0,0,0
LOC610760,827,809,1194,513,624,640
LPHN2,0,0,7,0,0,2
LRTOMT,112,163,148,106,96,96
LSM4,182,149,302,145,148,153
LSM7,115,122,191,79,84,109
LTB,12,4,4,5,5,5
LTF,0,0,0,0,0,0
LUC7L2,1361,1617,1761,1161,1330,1274
LY6G5C,9,9,7,1,13,5
LYZ,0,0,3,0,0,0
MADCAM1,2,1,3,0,1,3
MAGEB10,0,0,0,0,0,0
MAL,0,0,0,2,0,0
MAOA,0,2,0,0,2,0
MAOB,0,0,0,0,0,0
MAP2K1,1071,1145,1464,834,899,920
MAP2K2,842,779,1225,751,811,809
MAPK1,2755,2975,3947,2148,2456,2492
MAPK14,651,867,921,715,821,726
MAPK3,1099,1022,1492,1195,1188,1048
MAPRE1,360,330,656,384,370,376
MAPT,3,7,14,20,4,6
MAS1,0,0,0,0,0,0
MAT2A,1727,2119,2427,1517,1695,1796
MATR3,6690,7889,8947,6057,6204,6647
MAVS,662,795,895,538,562,465
MBOAT4,0,0,0,0,0,0
MC1R,15,21,24,11,9,1
MC3R,0,0,0,0,0,0
MC4R,0,0,0,0,0,0
MCHR1,0,0,0,0,2,0
MCHR2,0,0,0,0,0,0
MCL1,1445,1655,2072,1251,1351,1441
MCMBP,429,444,658,366,391,429
MCPH1,434,476,549,405,415,433
MDM2,1289,1540,1704,1280,1288,1233
MED21,159,182,360,148,149,183
MED7,234,303,371,292,260,251
MEF2B,25,19,17,18,15,16
MEN1,485,471,541,361,348,335
MET,4629,5320,7532,4082,4188,4498
MFN2,1002,1111,1481,881,908,959
MGMT,1,0,0,0,0,0
MGST3,480,416,748,519,465,485
MIIP,247,229,308,194,189,201
MIP,0,0,1,0,0,0
MIR1-1,0,0,0,0,0,0
MIR1-2,0,0,0,0,0,0
MIR101-1,0,0,0,0,0,0
MIR101-2,0,0,0,0,0,0
MIR103-1,0,0,0,0,0,0
MIR103-2,0,0,0,0,0,1
MIR105A,0,0,0,0,0,0
MIR105B,0,0,0,0,0,0
MIR106A,0,0,0,0,0,0
MIR106B,1,1,1,0,0,1
MIR107,0,0,0,0,0,0
MIR10A,0,0,0,0,0,0
MIR10B,4,2,3,2,5,2
MIR1185,0,0,0,0,0,0
MIR1199,0,3,0,0,0,0
MIR122,0,0,0,0,0,0
MIR124-1,0,0,0,0,0,0
MIR124-2,0,0,0,0,0,0
MIR124-3,0,0,0,0,0,0
MIR1249,30,36,12,11,20,17
MIR125A,0,0,0,0,0,0
MIR125B-1,0,0,0,0,0,0
MIR125B-2,0,0,0,0,0,0
MIR126,0,0,0,0,0,0
MIR127,0,0,0,0,0,0
MIR1271,0,0,0,2,0,0
MIR128-1,0,0,0,0,0,0
MIR128-2,0,0,0,0,0,0
MIR129-1,0,0,0,0,0,0
MIR129-2,0,0,0,0,0,0
MIR1296,0,0,0,0,0,1
MIR1301,0,0,3,0,0,0
MIR1306,52,51,41,26,20,31
MIR1307,0,0,0,0,0,0
MIR130A,0,0,0,0,0,0
MIR130B,0,0,0,0,0,0
MIR132,0,0,0,0,0,0
MIR133A,0,0,5,0,0,0
MIR133C,0,0,0,0,1,0
MIR134,0,0,0,0,0,0
MIR1343,0,0,2,0,0,0
MIR135A-1,4,0,2,3,4,2
MIR135A-2,0,0,0,0,0,0
MIR135B,0,0,0,0,1,0
MIR136,0,0,0,0,0,0
MIR137,0,0,0,0,0,0
MIR138A,0,0,0,0,0,0
MIR138B,0,0,0,0,1,0
MIR139,0,0,0,0,0,0
MIR140,1,0,0,0,0,0
MIR141,0,0,0,0,0,0
MIR142,0,0,0,0,0,0
MIR143,0,0,0,0,0,1
MIR144,0,0,2,0,0,0
MIR145,1,0,0,0,0,0
MIR1468,0,0,0,0,0,0
MIR146A,0,0,2,2,0,0
MIR146B,0,0,0,0,0,0
MIR147,13,12,14,29,20,18
MIR148A,0,0,0,0,0,0
MIR148B,2,0,0,0,0,0
MIR149,0,0,0,0,0,0
MIR150,0,0,0,0,0,0
MIR151,0,0,0,0,0,0
MIR152,0,0,0,0,0,0
MIR153,0,0,0,0,0,0
MIR155,11,18,27,11,19,23
MIR15A,0,0,0,0,0,0
MIR15B,0,0,0,0,0,0
MIR16-1,0,0,0,0,0,0
MIR16-2,0,0,0,0,0,0
MIR17,0,0,0,0,0,0
MIR181A-1,0,0,0,0,0,0
MIR181A-2,2,2,4,0,1,2
MIR181B-1,0,0,0,0,0,1
MIR181B-2,2,1,0,2,5,2
MIR181C,0,1,0,0,3,1
MIR181D,2,0,0,0,5,1
MIR182,0,0,0,0,0,0
MIR183,0,0,0,0,0,0
MIR1835,0,0,0,0,0,0
MIR1836,8,7,7,4,8,4
MIR1837-1,0,0,0,0,0,0
MIR1837-2,0,0,0,0,0,0
MIR1837-3,0,0,0,0,0,0
MIR1838,0,0,0,0,0,0
MIR1839,1,0,0,0,0,0
MIR184,0,0,0,0,0,0
MIR1840,0,0,0,0,0,0
MIR1841,70,59,90,63,59,62
MIR1842,21,27,25,15,14,16
MIR1843,0,2,0,0,0,0
MIR1844,0,0,0,0,0,0
MIR185,0,0,0,0,0,0
MIR186,3,0,2,0,7,1
MIR187,0,0,0,0,0,0
MIR188,0,0,0,0,0,0
MIR18A,0,0,0,0,0,0
MIR18B,0,0,0,0,0,0
MIR190A,0,0,0,0,0,0
MIR190B,0,0,0,0,0,0
MIR191,1,0,0,0,0,0
MIR192,0,0,0,0,0,0
MIR193A,0,0,0,0,0,0
MIR193B,0,0,0,0,0,0
MIR194,0,0,0,0,0,0
MIR195,0,0,0,0,0,0
MIR196A-1,0,4,0,0,0,0
MIR196A-2,0,0,0,0,0,0
MIR196B,4,2,4,4,4,3
MIR197,15,20,19,10,11,23
MIR199-1,3,3,6,1,2,3
MIR199-2,12,11,14,8,9,11
MIR199-3,0,0,0,0,0,0
MIR19A,0,0,0,0,0,0
MIR19B-1,0,0,0,0,0,0
MIR19B-2,0,0,0,0,0,0
MIR200A,0,0,0,0,0,0
MIR200B,0,0,0,0,0,0
MIR200C,0,0,0,0,0,0
MIR202,0,0,0,0,0,0
MIR203,0,0,0,0,0,0
MIR204,0,0,0,0,0,0
MIR205,0,0,0,0,0,0
MIR206,0,0,0,0,0,0
MIR207,1,0,0,0,1,1
MIR208A,0,0,0,0,0,0
MIR208B,0,0,0,0,0,0
MIR20A,0,0,0,0,0,0
MIR20B,0,0,0,0,0,0
MIR21,8,1,3,2,0,0
MIR210,0,0,0,1,0,0
MIR211,0,0,0,0,0,0
MIR2114,0,0,0,0,0,0
MIR212,0,0,0,0,0,0
MIR214,120,137,106,36,29,45
MIR215,0,0,0,0,1,1
MIR216A,0,0,0,0,0,0
MIR216B,0,0,0,0,0,0
MIR217,0,0,0,0,0,0
MIR218-1,0,0,0,0,0,0
MIR218-2,0,0,1,0,0,0
MIR219-1,2,6,2,1,2,1
MIR219-2,0,0,0,0,0,0
MIR22,1,7,12,7,9,1
MIR221,0,1,0,0,0,2
MIR222,0,0,0,0,0,0
MIR223,0,0,0,0,0,0
MIR224,0,0,0,0,0,0
MIR2387,0,2,0,1,0,0
MIR23A,0,0,0,1,0,0
MIR23B,2,3,5,0,0,1
MIR24-1,5,5,2,0,5,4
MIR24-2,0,0,0,0,0,0
MIR2483,0,0,0,0,0,0
MIR25,6,7,14,9,3,1
MIR26A-1,0,0,0,0,0,0
MIR26A-2,2,1,0,0,0,0
MIR26B,0,0,0,1,0,0
MIR27A,1,0,1,0,0,0
MIR27B,1,1,2,0,3,0
MIR28,0,0,0,0,0,0
MIR299,0,0,0,0,0,0
MIR29A,0,4,1,1,0,0
MIR29B-1,0,0,0,0,0,0
MIR29B-2,0,0,0,0,0,0
MIR29C-1,0,0,0,0,0,0
MIR29C-2,0,0,0,0,0,0
MIR300,0,0,0,0,0,0
MIR301A,0,0,0,0,0,0
MIR301B,0,0,0,0,0,0
MIR302A,0,0,0,0,0,0
MIR302B,0,0,0,0,0,0
MIR302C,0,0,0,0,0,0
MIR302D,0,0,0,0,0,4
MIR30A,0,0,0,0,0,0
MIR30B,0,0,0,0,0,0
MIR30C-1,0,0,0,0,0,0
MIR30C-2,0,0,0,0,0,0
MIR30D,0,0,0,0,0,0
MIR30E,0,0,0,0,2,0
MIR31,0,0,0,0,0,0
MIR32,4,3,8,2,0,2
MIR320,0,0,0,0,0,0
MIR323,0,0,0,0,0,0
MIR324,17,24,11,11,10,6
MIR325,0,0,0,0,0,0
MIR326,0,0,0,0,0,0
MIR328,3,6,5,0,0,1
MIR329A,0,0,0,0,0,0
MIR329B,0,0,0,0,0,0
MIR330,0,0,2,0,0,0
MIR331,4,0,0,0,0,0
MIR335,0,0,0,0,0,0
MIR338,0,0,0,0,0,0
MIR339-1,4,1,0,0,1,2
MIR33A,0,2,0,0,2,0
MIR33B,2,0,1,1,1,1
MIR340,0,0,0,0,0,2
MIR342,0,0,0,0,0,0
MIR345,0,3,0,0,0,0
MIR346,0,0,0,0,0,0
MIR34A,3,8,7,1,3,1
MIR34B,0,0,0,0,0,0
MIR34C,0,0,0,0,0,0
MIR350,0,0,3,2,0,0
MIR361,0,0,0,0,0,0
MIR362,0,0,0,0,0,0
MIR363,0,0,0,0,0,0
MIR365-1,5,1,0,0,0,3
MIR365-2,22,16,7,12,1,9
MIR367,0,0,0,0,0,0
MIR369,0,0,0,0,0,0
MIR370,0,0,0,0,0,0
MIR371,0,0,0,0,0,0
MIR374A,0,0,0,0,0,0
MIR374B,30,51,26,17,17,14
MIR375,0,0,0,0,0,0
MIR376A-1,0,0,0,0,0,0
MIR376A-2,0,0,0,0,0,0
MIR376A-3,0,0,0,0,0,0
MIR376B,0,0,0,0,0,0
MIR376C,0,0,0,0,0,0
MIR377,0,0,0,0,0,0
MIR378,0,0,0,0,0,0
MIR379,0,0,0,0,0,0
MIR380,0,0,0,0,0,0
MIR381,0,0,0,0,0,0
MIR382,0,0,0,0,0,0
MIR383,0,0,0,0,0,0
MIR384,0,0,0,0,0,0
MIR3958,0,0,0,0,0,0
MIR409,0,0,0,0,0,0
MIR410,0,0,0,0,0,0
MIR411,0,0,0,0,0,0
MIR421,19,24,15,7,9,5
MIR423A,0,0,0,0,0,1
MIR424,0,0,0,0,0,0
MIR425,1,0,0,0,0,1
MIR429,0,0,0,0,0,0
MIR432,0,0,0,0,0,0
MIR433,0,0,0,0,0,0
MIR448,0,0,0,0,0,0
MIR449A,0,0,0,0,0,0
MIR449B,0,0,0,2,0,0
MIR450A,0,0,0,0,0,0
MIR450B,0,0,0,0,0,0
MIR451,0,0,0,0,0,0
MIR452,0,0,0,0,0,0
MIR454,3,1,0,0,3,4
MIR455,0,0,1,0,0,0
MIR483,0,0,0,0,0,0
MIR485,0,0,0,0,0,0
MIR486,0,0,0,0,0,0
MIR487A,0,0,0,0,0,0
MIR487B,0,0,0,0,0,0
MIR488,0,0,0,0,0,0
MIR489,0,0,0,0,0,0
MIR490,0,0,0,0,0,0
MIR491,0,0,0,0,0,0
MIR493,0,0,0,0,0,0
MIR494,0,0,0,0,0,0
MIR495,0,0,0,0,0,0
MIR496,0,0,0,0,0,0
MIR497,0,0,0,0,0,0
MIR499,0,0,0,0,0,0
MIR500,0,0,0,0,0,0
MIR502,0,0,0,0,0,0
MIR503,0,0,0,0,0,0
MIR504,0,0,0,0,0,0
MIR505,0,0,0,0,1,0
MIR506,0,0,0,0,0,0
MIR507A,0,0,0,0,0,0
MIR507B,0,0,0,0,0,0
MIR508A,0,0,0,0,0,0
MIR508B,0,0,0,0,0,0
MIR514,0,0,0,0,0,0
MIR532,0,0,0,0,0,0
MIR539,0,0,0,0,0,0
MIR542,0,0,0,0,0,0
MIR543,0,0,0,0,0,0
MIR544,0,0,0,0,0,0
MIR545,0,0,0,0,0,0
MIR551A,0,0,0,0,0,0
MIR551B,0,0,0,0,0,0
MIR568,11,13,13,12,17,6
MIR574,1,0,0,0,0,1
MIR578,0,0,0,0,0,0
MIR582,0,0,0,0,0,0
MIR589,0,0,0,5,1,0
MIR590,1,3,7,1,3,0
MIR592,0,0,0,0,0,0
MIR599,0,1,5,0,0,2
MIR615,0,0,0,0,0,0
MIR628,0,0,0,0,0,1
MIR631,37,36,21,20,13,9
MIR632,169,148,222,134,173,144
MIR6516,3,0,14,0,0,0
MIR652,0,0,0,0,0,0
MIR6529,0,0,0,0,0,0
MIR653,0,0,0,0,0,0
MIR660,0,0,0,0,0,0
MIR664,0,0,0,0,0,0
MIR665,0,0,0,0,0,0
MIR671,89,114,142,90,99,83
MIR676,0,0,0,0,0,0
MIR7-1,5,4,10,3,4,6
MIR7-2,0,0,0,0,0,0
MIR7-3,0,0,0,0,0,0
MIR708,0,0,0,0,0,0
MIR718,0,0,0,0,0,0
MIR7180,0,3,1,0,0,0
MIR758,0,0,0,0,0,0
MIR759,0,0,0,0,0,0
MIR761,7,7,7,6,3,1
MIR764,0,0,0,0,0,0
MIR769,5,4,4,1,6,6
MIR802,0,0,0,0,0,0
MIR872,0,0,0,0,0,0
MIR874,0,0,0,0,0,0
MIR875,0,0,0,0,0,1
MIR876,0,0,0,0,0,0
MIR8789,0,0,0,0,0,0
MIR8790,0,0,0,0,0,0
MIR8791A,0,0,0,0,0,0
MIR8791B,0,0,0,0,0,0
MIR8792,0,0,0,0,0,0
MIR8793-1,0,0,0,0,0,0
MIR8793-2,0,0,0,0,0,0
MIR8793-3,0,0,0,0,0,0
MIR8794-1,0,0,0,0,0,0
MIR8794-2,0,0,0,0,0,0
MIR8795,0,0,0,0,0,0
MIR8796,0,0,0,0,0,0
MIR8797,0,0,0,0,0,0
MIR8798,34,42,72,23,14,28
MIR8799A,0,0,0,0,0,0
MIR8799B,0,0,0,0,0,0
MIR8799C,0,0,0,0,0,0
MIR8799D,0,0,0,2,0,0
MIR8799E-1,0,0,0,0,0,0
MIR8799E-2,0,0,0,0,0,0
MIR8799F,0,0,0,0,0,0
MIR8799G,0,0,0,0,0,0
MIR8800,72,75,76,49,60,55
MIR8801,4,0,0,0,0,0
MIR8802,1,0,3,0,0,0
MIR8803,1,0,0,0,0,0
MIR8804,19,8,2,2,6,2
MIR8805,1,1,0,0,0,0
MIR8806,0,0,0,1,0,3
MIR8807,1,0,2,1,0,1
MIR8808,0,0,0,0,0,0
MIR8809,137,130,136,45,74,91
MIR8810,5,11,10,29,19,11
MIR8811,26,24,33,16,35,10
MIR8812,0,0,0,0,0,0
MIR8813-1,0,0,1,0,0,0
MIR8813-2,0,0,0,0,0,0
MIR8814,0,0,2,0,0,0
MIR8815-1,0,0,0,0,0,0
MIR8815-2,0,0,0,0,0,0
MIR8816,0,0,0,0,0,0
MIR8817,0,0,0,0,0,0
MIR8818,0,0,0,0,0,0
MIR8819,274,444,729,528,578,414
MIR8820,0,0,0,0,0,0
MIR8821,8,21,24,9,16,11
MIR8822,50,72,71,27,23,22
MIR8823,0,0,0,0,0,0
MIR8824,48,60,102,41,47,53
MIR8825,15,17,6,14,16,19
MIR8826,0,0,0,0,0,0
MIR8827,0,0,0,0,0,0
MIR8828,0,0,0,0,0,0
MIR8829,7,5,7,0,1,1
MIR8830-1,0,0,0,0,0,0
MIR8830-2,0,0,0,0,0,0
MIR8830-3,0,0,0,0,0,0
MIR8831,0,0,0,0,0,0
MIR8832,0,0,0,0,0,0
MIR8833,0,0,0,0,0,0
MIR8834A-1,0,0,0,0,0,0
MIR8834A-2,0,0,0,0,0,0
MIR8834B,0,0,0,0,0,0
MIR8835,805,802,1417,796,625,781
MIR8836,0,0,0,0,0,0
MIR8837,0,0,0,0,0,0
MIR8838,0,0,0,0,0,0
MIR8839,0,0,0,1,0,0
MIR8840,0,0,0,0,0,0
MIR8841-1,0,0,0,0,0,0
MIR8841-2,0,0,0,0,0,0
MIR8842,9,24,14,4,3,6
MIR8843,1,0,0,0,0,0
MIR8844,0,0,0,0,0,0
MIR8845,0,0,0,0,0,0
MIR8846,1,0,0,0,0,0
MIR8847,0,0,0,0,0,0
MIR8848,7,15,12,2,1,4
MIR8849,0,0,1,1,0,0
MIR885,0,0,0,0,0,0
MIR8850,0,0,0,0,0,0
MIR8851,0,0,0,0,0,0
MIR8852,0,1,0,0,0,0
MIR8853,0,0,0,0,0,0
MIR8854,72,62,66,60,45,55
MIR8855,0,0,0,0,0,0
MIR8856,11,8,7,11,6,5
MIR8857,0,0,0,0,0,0
MIR8858,157,154,171,110,97,55
MIR8859A,5,0,5,0,2,2
MIR8859B,6,6,2,3,6,1
MIR8860,0,0,0,0,0,0
MIR8861,0,0,0,0,0,0
MIR8862,0,0,0,0,0,0
MIR8863,0,0,0,1,0,0
MIR8864-1,0,0,0,0,0,0
MIR8864-2,0,0,0,0,0,0
MIR8864-3,0,0,0,0,0,0
MIR8864-4,0,0,0,0,0,0
MIR8865,5,4,0,0,1,2
MIR8866,0,3,0,0,0,0
MIR8867,22,33,20,5,23,19
MIR8868,6,1,5,0,3,1
MIR8869,4,10,2,9,6,4
MIR8870,0,0,0,0,0,0
MIR8871,282,268,311,205,226,221
MIR8872,16,20,23,8,15,15
MIR8873A,0,0,2,0,0,0
MIR8873B,0,0,0,0,0,0
MIR8874,0,0,0,0,0,0
MIR8875,2,0,7,1,4,0
MIR8876,62,64,60,38,40,41
MIR8877,9,11,10,2,10,7
MIR8878,4,0,0,0,0,0
MIR8879,1,0,0,1,0,0
MIR8880,0,0,0,0,0,0
MIR8881,7,14,7,2,11,2
MIR8882,0,0,0,0,0,0
MIR8883,68,50,68,71,47,60
MIR8884,1,0,0,7,1,0
MIR8885,69,72,90,36,59,60
MIR8886,0,0,0,0,0,1
MIR8887,61,74,80,52,56,44
MIR8888,0,0,0,0,0,0
MIR8889,0,0,0,0,0,0
MIR889,0,0,0,0,0,0
MIR8890,2,5,1,2,2,1
MIR8891,3,2,8,5,7,4
MIR8892,15,10,11,11,17,14
MIR8893,0,0,0,0,0,0
MIR8894,5,4,5,2,4,5
MIR8895,0,0,0,0,0,0
MIR8896,9,5,8,4,2,6
MIR8897,15,18,19,14,14,20
MIR8898,43,44,54,40,20,37
MIR8899,0,0,0,0,0,0
MIR8900,0,1,2,1,0,0
MIR8901,0,0,0,0,0,0
MIR8902,0,0,0,0,0,0
MIR8903,34,58,60,39,17,33
MIR8904A,0,0,0,0,0,0
MIR8904B,0,0,0,0,0,0
MIR8905,0,0,0,0,0,0
MIR8906,6,4,4,1,0,1
MIR8907,0,1,1,2,0,3
MIR8908A-1,0,0,0,0,0,0
MIR8908A-2,0,0,0,0,0,0
MIR8908A-3,0,0,0,0,0,0
MIR8908A-4,0,0,0,0,0,0
MIR8908B,0,0,0,0,0,0
MIR8908C,0,0,0,0,0,0
MIR8908D-1,0,0,0,0,0,0
MIR8908D-2,0,0,0,0,0,0
MIR8908D-3,0,0,0,0,0,0
MIR8908E,0,0,0,0,0,0
MIR8908F,0,0,0,0,0,0
MIR9-1,0,0,0,0,0,0
MIR9-2,0,0,0,0,0,0
MIR9-3,0,0,0,0,0,0
MIR92A-1,1,0,0,0,0,0
MIR92A-2,0,0,0,0,0,0
MIR92B,0,0,0,0,0,0
MIR93,0,0,3,1,0,5
MIR95,0,0,0,0,0,0
MIR96,0,0,0,0,0,0
MIR98,0,0,0,0,0,0
MIR99A-1,0,0,2,0,0,0
MIR99A-2,0,0,0,0,0,1
MIR99B,0,0,0,0,0,0
MIRLET7A-1,1,3,2,0,0,0
MIRLET7A-2,1,0,2,0,0,0
MIRLET7B,3,0,1,0,3,1
MIRLET7C,0,0,0,2,0,0
MIRLET7D,4,3,15,4,5,7
MIRLET7E,0,0,0,0,0,0
MIRLET7F,0,0,0,0,0,0
MIRLET7G,0,0,1,0,4,2
MIRLET7J,0,0,0,0,0,0
MITF,127,139,185,111,137,93
MLANA,0,0,0,0,0,0
MLNR,5,5,10,5,6,3
MLPH,2,2,0,0,0,0
MME,620,642,410,708,765,799
MMP11,543,531,491,384,424,396
MMP12,0,0,0,0,0,0
MMP3,20,27,50,17,29,18
MMP7,0,0,0,0,0,0
MMP9,3,1,0,0,1,0
MPHOSPH8,546,646,764,592,563,535
MPP1,650,654,798,412,549,604
MRPL33,293,256,474,227,301,269
MRPS35,390,455,598,470,430,429
MS4A1,0,0,0,0,1,0
MS4A2,3,0,0,0,0,0
MSTN,0,0,0,0,0,0
MSX2,31,18,35,35,29,30
MT1E,217,235,360,185,191,224
MT2A,670,559,962,404,418,445
MT4,0,0,0,0,0,0
MTPN,810,966,1024,686,754,763
MUC1,146,217,286,126,149,140
MVP,4024,4052,5329,4278,4218,4015
MX1,1699,1317,3668,10201,11885,11129
MX2,164,118,292,1178,1354,1085
MYBPC3,0,0,3,0,0,0
MYC,424,539,631,328,430,423
MYCBP,83,127,131,67,77,98
MYEOV2,336,327,489,254,300,336
MYH1,0,0,0,0,0,0
MYH2,0,0,0,0,0,0
MYH3,0,0,2,0,0,0
MYH4,0,0,0,0,0,0
MYH7,16,7,10,25,10,8
MYH8,0,0,0,0,0,0
MYH9,28370,31111,39263,24121,25041,25164
MYL2,0,0,0,0,0,0
MYL9,3572,3735,4273,2695,2878,3305
MYOC,0,0,0,0,0,0
MYOZ1,8,5,14,21,14,14
NACA,2516,3030,3439,2296,2333,2387
NCAM1,0,0,0,3,0,0
NCF2,0,1,5,0,5,0
NCLN,1152,1226,1952,905,1058,860
NCR1,0,0,0,0,0,0
NDE1,377,432,665,386,384,388
NDRG1,1413,1349,2047,1523,1629,1385
NDUFB6,280,306,480,265,296,337
NDUFS8,672,545,989,384,444,489
NEFH,0,0,0,1,0,1
NFKB1,1677,1829,2033,1536,1684,1713
NFKBIL1,193,240,183,118,165,193
NFKBIZ,715,854,735,576,603,608
NGB,0,1,0,0,0,0
NGF,129,138,140,90,102,104
NHLRC1,15,14,14,15,15,6
NICN1,326,441,303,265,237,183
NIP7,1047,1154,1747,853,964,969
NKX2-5,2,2,2,1,0,2
NME1,741,703,1812,701,592,632
NME2,3037,3069,4466,2448,2516,2840
NOD2,85,120,72,129,153,115
NOS1,0,0,0,0,0,0
NOS2,194,167,157,166,177,156
NOS3,0,0,0,0,0,0
NOX3,0,0,0,0,0,0
NOX5,0,7,0,0,4,0
NPC1,3173,3501,4521,4049,4537,3210
NPC2,1524,1754,2448,1818,2041,1761
NPHP1,120,159,122,125,112,127
NPHP4,796,818,871,520,538,556
NPM1,4313,4604,6187,3748,3846,3979
NPVF,0,0,0,0,0,0
NPY1R,8,20,35,14,29,18
NPY5R,10,6,17,19,25,8
NR3C1,1192,1324,1322,1093,1152,1129
NR4A1,149,163,160,86,95,91
NRAS,1316,1629,1884,1196,1333,1294
NTF4,13,25,32,28,36,16
NUDT3,601,667,723,411,482,522
O3FAR1,0,0,0,0,0,0
OAS1,1586,1578,3931,5374,5658,5374
OAS2,861,862,1853,5849,6760,5969
OAS3,1390,1379,2869,3883,3977,3622
OASL,763,730,953,2223,2420,2020
OAZ1,3751,4028,5542,3606,3849,3798
OAZ2,1913,2110,2599,2045,1781,1924
OAZ3,0,0,3,6,1,1
OBP,0,0,0,0,0,0
OCLN,128,120,168,121,145,114
ODAM,0,0,0,0,0,0
OOEP,0,0,0,0,0,0
OPN1LW,0,0,0,0,0,0
OPTC,96,105,176,108,89,122
OR13F1,0,0,0,0,0,0
OR1E2,0,0,0,0,0,0
OR2D3,0,0,0,0,0,0
OR4S2,0,1,0,1,4,4
OSTC,188,261,281,203,219,191
OTUB1,384,407,593,363,386,389
OXTR,0,0,4,0,0,0
P2RX7,11,31,25,58,64,36
P2RY1,11,25,10,19,22,11
P2RY11,18,35,49,22,40,32
P2RY12,0,0,0,0,0,0
PABPN1,970,1070,1329,915,791,836
PADI6,0,0,0,0,1,1
PAM16,449,471,687,394,458,406
PARP4,1623,1937,2584,1654,1803,1717
PAX8,0,0,0,0,0,0
PCK1,0,0,0,0,0,0
PDC,2,0,0,0,0,0
PDE1A,53,56,57,83,81,56
PDE5A,11,1,4,0,9,8
PDE6A,4,1,0,1,1,1
PDE6B,2,0,6,0,0,0
PDE6D,499,508,699,474,547,498
PDE6G,0,0,0,0,0,0
PDGFA,411,511,578,308,342,335
PDGFB,12,32,23,36,20,26
PDGFRB,2477,2623,2360,2082,2367,2068
PDPN,0,0,0,0,0,0
PDX1,0,0,0,0,0,0
PEBP1,1810,1742,3882,2667,2686,2114
PECR,131,165,131,122,139,170
PEG10,1790,1975,2173,1219,1164,1200
PFDN1,267,323,533,384,391,305
PFDN5,1048,1041,1158,804,723,953
PFDN6,375,328,497,296,319,310
PFKM,2037,2110,2645,1684,1744,1656
PGA,0,1,0,0,0,0
PGAP3,127,92,149,66,93,112
PGB,0,0,0,0,0,0
PGR,24,16,37,23,17,9
PGRMC1,2590,2959,3408,2410,2686,2621
PHB,909,918,1579,843,836,826
PI3,16,26,21,10,27,12
PIGR,0,0,0,0,0,0
PIGY,0,0,0,0,0,0
PIK3C3,755,921,1145,747,838,691
PIM1,273,310,311,214,248,225
PIP5K1A,2231,2651,2982,2081,2125,2220
PKD1,4433,4402,4896,2448,2506,2416
PKLR,12,2,5,1,0,4
PKP1,0,0,0,0,0,0
PLA2G15,473,474,745,512,561,530
PLA2G1B,0,0,5,0,0,0
PLA2G4B,64,87,98,73,45,26
PLA2G7,2024,2389,2852,2313,2414,2531
PLAU,998,1228,1602,1000,1230,1120
PLCE1,1640,1925,2002,1175,1187,1271
PLEK,0,0,4,3,8,2
PLEKHA8,447,576,661,463,421,453
PLG,0,0,4,0,0,1
PLN,1,6,0,0,1,0
PLOD1,8358,7973,7299,6056,6690,6720
PLP1,0,0,0,0,0,0
PMAIP1,75,99,81,54,133,87
PMCH,21,38,51,44,57,39
PMEL,39,61,72,40,51,47
PNLIPRP1,0,0,0,0,0,0
PNN,1859,2049,2723,1509,1416,1342
PNPLA1,0,0,0,0,0,0
PODXL,75,98,79,68,69,54
POFUT1,862,860,1064,830,931,855
POLDIP2,2376,2604,3376,1934,2052,2195
PON2,2331,2923,2932,2242,2649,2830
POR,1229,1320,1725,1014,1101,1103
POU1F1,5,0,2,2,3,0
PPAN,315,400,471,247,261,317
PPARA,43,42,33,18,31,29
PPARD,892,913,1350,823,896,757
PPARG,27,47,107,36,26,41
PPBP,3,1,4,5,3,3
PPFIBP1,1999,2469,2951,2110,2326,2263
PPIAP1,6,9,9,0,1,1
PPIAP4,181,150,294,119,177,150
PPIL4,468,585,545,370,423,500
PPP1CA,2429,2497,3688,2228,2278,2345
PPP1CB,2194,2410,2944,2272,2617,2641
PPP1CC,1220,1461,1925,1142,1229,1278
PPP2CA,1433,1674,2198,1522,1662,1673
PPP3CA,1188,1413,1399,1089,1214,1188
PPT1,1472,1713,2234,1651,1758,1562
PRCD,0,0,0,0,0,0
PRDX1,4399,5025,9159,4865,4289,4482
PRDX3,1760,2054,2455,1680,1834,1693
PRF1,0,1,0,0,0,0
PRKACA,582,653,660,479,477,454
PRKCD,631,764,1040,586,598,540
PRKDC,2779,3226,3532,1969,2120,2094
PRL,1,0,0,0,6,0
PRM2,0,0,0,0,0,0
PRNP,402,483,597,460,471,408
PROP1,0,0,0,0,0,0
PRPF31,769,774,1085,552,643,710
PRPH2,3,2,4,5,5,0
PRR5,7,6,10,17,15,9
PSEN1,1407,1519,1635,1226,1406,1260
PSEN2,271,271,337,202,245,213
PSENEN,624,539,1048,575,560,601
PSMB3,930,812,1415,797,827,847
PSMB7,1997,2185,3610,1901,1916,2141
PSMB8,28,3,8,22,40,31
PSMB9,251,222,258,570,674,597
PSMC1,1427,1632,2465,1603,1705,1678
PSMD4,1288,1299,1900,1165,1266,1161
PTAFR,1,0,1,0,0,0
PTEN,1742,2047,2447,1824,1770,1797
PTGDS,23,38,1,18,15,16
PTGER2,37,41,46,49,58,40
PTGER3,4,0,7,0,0,0
PTGER4,335,314,287,305,394,325
PTGES,113,126,83,129,105,90
PTGES2,205,207,200,162,180,167
PTGFR,45,83,34,49,56,48
PTGS1,0,5,0,0,0,0
PTGS2,59,70,32,60,66,59
PTH,1,1,0,0,1,0
PTH1R,125,124,85,94,70,56
PTHLH,124,162,159,172,152,168
PTMA,16070,17210,20183,12671,13679,14369
PTPLA,17,33,38,6,26,30
PVRL1,1127,1042,1454,778,821,891
PYGL,517,625,679,622,626,523
PYURF,0,0,0,0,0,0
QKI,1374,1570,2135,1337,1429,1502
RAB10,1317,1575,1810,1172,1454,1391
RAB11A,1449,1642,1685,1359,1567,1519
RAB1A,1945,1862,2772,1877,2150,2144
RAB22A,478,423,630,345,365,423
RAB27A,578,652,788,526,513,526
RAB2A,1717,1935,2066,1393,1632,1682
RAB4B,288,287,393,217,261,189
RAB5A,688,750,949,661,777,712
RAB5C,1168,1107,1699,1011,1070,1085
RAB7A,2705,2759,3761,2439,2757,2458
RAB8A,532,633,917,716,695,662
RAB9A,998,1046,1368,1102,1093,1107
RABAC1,2785,2469,3342,2011,2224,2124
RAC1,3353,3967,5201,3284,3610,3414
RAD51,270,313,538,347,306,306
RALY,2320,2431,3200,2082,2122,1992
RAN,2076,2212,3541,1682,1771,1879
RAPGEF3,46,48,75,43,46,38
RARA,733,712,717,510,600,533
RBM12,1355,1556,1787,1189,1260,1270
RBM47,10,3,8,2,7,1
RCC1,535,608,790,375,415,444
RCVRN,0,0,0,0,0,0
RECK,864,1105,840,971,989,881
REG3A,0,0,0,0,0,0
REN,1,0,0,0,0,0
RET,25,30,32,41,23,25
RFX8,1,6,0,0,0,0
RHAG,8,4,19,11,8,3
RHBDF2,185,156,259,138,158,129
RHBG,2,2,4,2,3,2
RHCE,0,1,0,0,0,0
RHCG,0,1,0,5,0,1
RHO,0,0,0,1,0,0
RHOA,4411,4590,6421,4164,4281,4431
RHOB,662,760,1005,654,870,823
RHPN2,116,148,131,83,91,102
RIIAD1,53,50,85,41,31,45
RING1,896,957,1036,620,660,653
RLN1,3,1,2,0,1,1
RN7SL1,0,2,2,0,1,0
RNASEH1,260,295,389,218,205,238
RNASEL,853,1052,1310,1620,2015,1640
RNF141,228,281,373,251,260,246
RP1,0,0,0,0,0,0
RPE65,0,0,1,0,1,0
RPGR,186,274,274,156,143,127
RPL10A,4082,4012,4787,2875,3011,3319
RPL11,4507,5053,5719,3754,3837,3928
RPL12,7750,8575,9880,5693,6123,6430
RPL14,1769,1811,2355,1534,1484,1485
RPL18,4585,4471,5470,3303,3431,3642
RPL21,1935,2051,2161,1417,1550,1736
RPL23,1269,1500,1902,1120,1148,1189
RPL26,1671,1736,2127,1156,1228,1364
RPL27,3741,4054,4847,3336,3035,3400
RPL27A,1181,1126,1361,865,820,855
RPL3,7659,8469,10007,5631,6280,6686
RPL31,690,597,853,511,547,556
RPL32,4379,4370,5241,3230,3394,3586
RPL37,821,640,940,548,578,624
RPL4,6174,6955,8243,4662,4756,5153
RPL7,7681,8237,9941,5478,5854,6625
RPL7A,12190,13296,16062,9190,9660,10209
RPLP0,4261,4513,5501,2976,3257,3318
RPP21,253,243,378,237,212,258
RPPH1,5,12,8,2,1,0
RPS10,2438,2221,3020,1729,1866,2046
RPS14,6936,7445,8326,5572,5800,6018
RPS15A,8574,10368,11431,7891,7990,7862
RPS17,6696,7074,8936,5486,5519,5820
RPS18,5428,5911,7360,4065,4353,4643
RPS24,1564,1812,1977,1435,1354,1454
RPS27,2446,2417,2787,1684,1790,1914
RPS27A,6041,6712,7887,4865,4858,5310
RPS4X,10277,11811,13061,7347,8076,8196
RPS6,7848,8348,9454,6108,6389,6824
RPSA,3642,3651,4785,3024,3102,3345
RRBP1,12853,14162,17273,12451,12428,12496
RSPO1,1,0,0,0,0,0
RTBDN,3,0,4,2,2,1
RTN3,4159,5019,5889,4415,4870,4735
RWDD4,131,173,207,137,145,141
RXFP2,0,0,0,0,0,0
S100A4,5410,5648,7207,7043,6084,5950
S100A8,6,11,15,4,7,3
SAA1,23,14,14,18,26,32
SAG,0,0,0,2,0,0
SAP18,617,604,988,555,585,608
SCAMPER,106,110,169,90,78,96
SCN10A,0,0,0,0,0,0
SCN1B,37,31,33,23,36,19
SCN5A,4,0,2,5,0,1
SDHB,298,281,470,236,253,287
SEC11A,1942,2243,3091,1806,1880,1929
SEC11C,361,422,610,297,336,335
SEC61A1,11273,12063,16154,9806,10691,10409
SEC61B,806,767,1436,599,674,739
SEC61G,650,737,818,538,582,679
SELE,36,50,33,3,15,17
SELK,241,208,321,210,228,236
SELM,535,596,816,414,511,482
SELO,598,488,719,374,350,372
SELP,3,0,0,0,0,0
SELPLG,2,5,4,0,1,0
SELT,2157,2651,3356,2187,2337,2516
SEP15,3902,4585,5642,4180,4131,4286
SEPHS1,3816,4118,5041,3058,3255,3394
SEPHS2,1653,1931,2192,1688,1803,1852
SEPN1,2128,2282,2233,1608,1590,1655
SEPP1,129,168,41,71,81,91
SEPW1,1771,1720,2329,1404,1608,1565
SEPX1,131,95,197,88,91,114
SERF2,1067,799,1182,786,749,741
SERPINA1,0,0,0,0,0,0
SERPINE1,3114,3332,5063,3359,3568,3204
SERPINF1,4980,5391,3381,2729,3102,3397
SERPINH1,20319,20691,24931,17362,19541,19904
SETMAR,44,49,52,31,47,31
SFRP2,763,858,804,632,694,742
SGCG,2,0,0,0,0,0
SGK3,381,488,670,379,438,449
SGSH,639,717,764,425,471,491
SHOX,0,0,0,0,0,0
SKP1,1937,2354,2636,2048,2093,2110
SLAMF1,0,0,0,0,0,0
SLAMF9,72,56,93,345,382,255
SLBP2,2,2,4,7,6,5
SLC10A2,0,0,0,0,0,0
SLC11A1,162,189,326,205,195,139
SLC12A4,6164,6409,8378,4695,5167,5199
SLC15A1,0,2,0,0,0,0
SLC17A6,0,0,0,0,0,0
SLC1A1,67,91,173,119,118,114
SLC1A2,2,0,1,0,5,0
SLC1A3,541,531,551,594,575,561
SLC1A5,2470,2794,3150,1461,1576,1784
SLC1A6,0,0,0,0,0,0
SLC1A7,3,11,5,9,6,5
SLC22A12,0,0,0,0,0,0
SLC22A2,1,0,1,0,0,2
SLC23A1,6,3,6,4,3,5
SLC23A2,478,450,534,292,338,372
SLC25A14,126,139,218,142,136,117
SLC25A27,157,168,211,161,140,110
SLC29A1,3429,3500,4158,2598,2646,2784
SLC2A1,1030,989,1724,1498,1409,1116
SLC2A3,1004,1068,1470,1674,1645,1285
SLC2A4,18,52,34,44,52,46
SLC2A8,592,553,814,516,507,470
SLC2A9,1,2,1,1,3,2
SLC35A1,164,209,234,148,171,182
SLC35A2,480,468,695,327,389,353
SLC35A3,307,419,564,503,547,417
SLC35B2,761,807,1196,718,772,791
SLC35B4,310,382,491,251,287,278
SLC35C1,328,288,472,284,271,293
SLC37A4,499,528,717,348,394,368
SLC39A6,1365,1493,2026,1085,1100,1199
SLC39A7,5260,5872,7363,5139,4951,4949
SLC3A1,132,141,168,145,135,106
SLC45A2,18,28,23,21,17,19
SLC46A2,16,18,12,14,21,26
SLC4A1,0,0,0,0,0,0
SLC4A3,464,526,377,253,216,249
SLC5A1,0,0,0,0,0,0
SLC5A2,518,648,662,398,447,382
SLC5A3,102,78,206,76,67,109
SLC6A12,303,258,403,351,271,315
SLC6A2,0,0,2,0,0,0
SLC6A3,0,0,0,0,0,0
SLC6A4,0,0,0,0,0,0
SLC6A6,3154,3194,3715,3003,3084,3057
SLC7A1,1527,1742,1844,760,968,1033
SLC7A11,366,422,390,200,213,273
SLC7A5,2669,2811,3536,1129,1606,1631
SLC7A8,1,2,0,8,4,1
SLC7A9,0,0,0,0,0,0
SLC8A1,120,112,48,83,45,56
SLC9A1,850,919,1340,782,812,870
SLC9A3R2,799,790,931,421,510,478
SLCO1B3,0,0,0,0,0,0
SLCO2A1,1,2,0,1,2,2
SLPI,3,0,0,2,9,1
SMAD3,453,420,563,323,332,370
SMAP1,382,458,554,371,429,359
SMCP,0,0,0,0,0,0
SMIM20,1277,1450,1532,1069,1262,1179
SMN,427,594,709,438,517,450
SMOC2,58,67,42,22,19,41
SNAI2,523,585,628,521,664,607
SNAP91,24,14,36,32,45,25
SNHG3,48,63,39,52,38,45
SNRPB2,363,406,513,321,332,346
SNRPD1,961,1180,1267,1005,1050,966
SNRPD2,1212,1144,1772,927,1092,1200
SNRPG,196,152,320,148,149,140
SOCS3,410,414,367,358,397,415
SOD1,1385,1421,2176,1496,1580,1504
SOX9,43,37,52,41,48,41
SPACA3,0,0,0,0,0,0
SPAG11B,0,0,0,0,0,0
SPAG11E,0,0,0,0,0,0
SPCS2,1188,1206,1657,1076,1192,1224
SPCS3,658,791,992,694,665,704
SPECC1L,1421,1597,1740,1159,1259,1269
SPEG,266,277,257,192,201,168
SPINK5,21,20,11,9,12,11
SPINT2,835,871,973,649,683,738
SPTB,17,29,26,26,18,12
SRD5A1,194,236,286,139,183,189
SRD5A2,0,1,0,4,1,0
SREBF1,3429,3370,5798,2924,3280,2957
SRP14,571,695,989,621,558,638
SRP19,125,125,168,89,90,111
SRP54,2143,2564,3183,2209,2300,2302
SRP68,1583,1737,2650,1787,1597,1700
SRP72,4152,4468,6106,3984,4243,4222
SSBP1,155,174,215,121,147,138
SSPO,34,19,9,36,21,18
SSR1,4974,5704,7412,4983,5228,5100
SSR2,3252,3568,4067,2847,3034,3247
SSR4,1264,1182,1602,959,959,1065
SST,0,0,0,0,0,0
SSTR1,0,0,0,0,0,0
SSTR2,11,7,11,12,8,8
SSTR3,0,0,0,0,0,0
SSTR5,0,0,0,0,0,0
SSU72,643,704,846,558,636,723
ST13,1650,1878,2396,1804,1839,1763
ST6GALNAC1,0,0,0,0,0,0
ST6GALNAC2,185,195,156,105,119,156
ST8SIA2,1,0,1,0,0,0
ST8SIA6,0,0,0,0,0,0
STAR,0,0,1,0,0,0
STK25,677,680,862,412,455,462
STK38L,450,568,937,661,736,661
STOM,1815,2004,1721,1361,1569,1457
STON1,322,288,321,260,271,273
STXBP2,1200,1282,1659,983,1033,1017
SULF1,6218,6851,6374,5424,6407,6240
SULF2,2851,2705,2961,1928,1924,2038
SULT1A1,2364,2472,2688,1837,1867,1971
SULT1B1,0,0,0,0,0,0
SUMO1,430,470,508,424,413,411
SUMO2,2335,2699,3051,2155,2201,2428
SVIP,0,1,1,1,1,0
SYNGR2,1006,1094,1201,741,882,850
SYNJ1,1121,1398,1875,1058,1134,1120
SYNJ2BP,581,682,802,604,615,635
T,0,0,0,0,0,0
TAC3,0,0,2,0,0,0
TACR1,0,0,0,0,0,0
TACR2,0,0,0,1,0,0
TACR3,0,0,0,0,0,0
TAF12,54,50,81,57,54,55
TAF13,87,93,154,72,69,78
TAF9,352,351,476,245,290,339
TAMM41,109,135,131,103,110,117
TAP1,2063,2138,2783,3464,3878,3618
TAP2,2270,2362,3323,2814,3109,2828
TAPBP,7561,8045,8726,10455,11867,11499
TAS1R2,0,0,0,0,0,0
TAS1R3,4,10,10,6,4,1
TAS2R1,0,0,0,0,0,0
TAS2R10,0,0,0,0,0,0
TAS2R3,0,2,0,0,0,0
TAS2R38,0,0,0,0,0,0
TAS2R39,1,0,0,0,0,0
TAS2R40,39,39,25,6,30,23
TAS2R41,0,0,0,0,0,0
TAS2R42,0,0,0,0,0,0
TAS2R5,0,0,0,0,0,0
TAS2R7,0,0,0,0,0,0
TBPL1,54,77,68,45,58,50
TBX19,1,1,2,0,0,1
TBX2,63,51,60,35,59,27
TBX4,0,0,0,0,0,0
TCAP,60,59,52,41,35,50
TCF4,832,915,1020,682,641,718
TCOF1,682,665,1038,588,558,629
TEKT1,4,5,8,1,6,8
TERT,11,19,9,2,4,10
TES,1929,1995,2443,1679,1845,1820
TFAP2B,23,27,23,24,17,19
TFF1,1,0,0,0,0,0
TFF2,0,1,0,0,0,0
TFF3,0,0,0,0,0,0
TFIP11,922,1081,1244,682,774,711
TFPI,0,4,0,0,0,0
TFRC,2903,3469,4629,3375,3246,3142
TG,2,0,0,0,0,0
TGFB1,585,565,653,435,448,414
TGM1,30,32,53,54,24,16
TH,0,0,0,0,0,0
THADA,476,568,764,352,415,384
THBD,418,404,706,236,267,278
THBS2,296,342,370,203,224,196
THRA,720,760,902,617,545,552
THUMPD3,179,191,340,175,193,178
THY1,9728,9919,9933,7223,7776,8655
TICAM2,91,81,132,122,117,97
TIMM8A,111,146,187,131,128,133
TIMP1,3752,3762,5001,3414,3468,3514
TIMP2,1739,1715,1789,1299,1332,1331
TIMP3,1266,1237,1895,1146,1156,1175
TJP1,4828,5847,7161,4624,5054,4921
TJP2,3088,3490,4388,2919,3131,2817
TJP3,54,43,73,43,46,31
TLR1,15,27,33,34,29,26
TLR10,0,0,0,0,1,0
TLR2,669,809,849,739,860,772
TLR4,0,4,0,3,0,0
TLR5,162,172,92,102,115,107
TLR7,0,0,0,0,0,0
TLR9,11,16,9,8,2,2
TMBIM6,5834,6627,7663,5563,6199,6371
TMED11,0,0,0,3,3,0
TMED7,1825,2181,2556,1855,1861,1959
TMEM132C,0,0,0,0,0,0
TMEM185B,345,363,413,295,327,315
TMEM265,114,111,109,83,79,85
TMEM47,1150,1550,1552,1210,1423,1359
TMEM57,753,823,1202,792,875,810
TMEM63A,970,1051,1163,1011,953,770
TNC,3,4,2,3,6,0
TNF,4,0,10,15,9,7
TNFRSF12A,758,689,1348,472,681,717
TNFRSF14,423,373,292,395,392,393
TNFRSF18,0,0,0,0,0,0
TNFSF10,679,810,929,996,1142,1085
TNFSF12,168,145,196,107,134,111
TNFSF13,23,35,22,10,15,12
TNFSF13B,16,12,15,7,6,4
TNFSF14,0,0,0,0,0,0
TNNI3,17,25,18,52,24,18
TNNI3K,2,0,3,10,2,3
TNNT2,6,4,6,0,1,2
TNP2,0,0,0,0,3,0
TP53,281,310,320,152,204,161
TPC3,419,408,439,469,540,424
TPH1,0,0,0,0,0,0
TPH2,0,0,0,0,0,0
TPI1,9272,9530,12090,10921,10408,10108
TPM3,1147,1617,2059,1404,1260,1433
TPMT,341,385,642,328,419,341
TPO,0,0,0,0,0,0
TPP1,1044,952,1404,1155,1301,950
TRAF5,269,275,268,207,220,223
TRAM1,2257,2793,3504,2259,2469,2415
TRDN,0,0,0,0,0,0
TREM1,0,0,0,0,0,0
TRIB2,392,391,417,331,356,319
TRIM34,125,134,120,188,171,180
TRIM6,0,0,0,0,0,0
TRPM8,4,13,12,8,7,11
TRPV1,27,14,44,24,31,17
TRPV4,295,293,395,251,247,250
TSHB,0,0,0,0,0,0
TSHR,0,0,0,0,0,0
TTC8,209,217,246,180,164,144
TUBD1,128,147,182,106,152,144
TUBG1,643,718,1098,632,634,665
TVP23B,807,912,1081,843,834,927
TXNRD1,3311,3883,5323,2535,2820,2911
TXNRD3,218,324,360,231,247,227
TYMS,2235,2335,3369,1880,2088,1997
TYR,0,0,0,0,0,0
TYROBP,3,1,1,11,7,8
TYRP1,0,0,0,0,0,0
UACA,1237,1362,1677,1345,1334,1280
UBA52,1277,1107,1613,904,886,1050
UBASH3A,0,0,0,0,0,0
UBE2N,90,133,119,75,73,95
UBE2S,699,704,1488,606,778,731
UBE2V1,1482,1600,2080,1496,1548,1521
UBE2V2,403,431,594,427,420,392
UCP1,61,52,72,37,62,47
UCP2,1056,1209,1623,804,828,807
UCP3,4,8,5,0,1,1
UGCG,533,664,626,469,551,563
UGT1A6,0,0,0,0,0,0
UGT2B31,0,0,0,0,0,0
UMOD,0,0,0,0,0,0
UNK,906,973,995,639,786,739
UOX,0,0,0,0,0,0
USP11,2981,3104,3249,2504,2535,2525
UTRN,13814,16335,18309,11114,11304,11382
VASP,1623,1653,2366,1634,1679,1642
VCAM1,11930,14523,8826,9080,9631,10456
VDAC3,817,774,1115,702,708,691
VEGFA,3037,3464,3268,3226,3699,3021
VHL,260,301,374,154,268,249
VIM,50116,54379,64315,41034,44572,44415
VIMP,888,928,1507,939,933,975
VLDLR,1729,2112,2729,1768,1765,1690
VMA21,94,103,158,62,66,59
VN1R4,0,0,0,0,0,0
VNN1,11,5,12,13,6,8
VPS29,721,717,998,650,772,712
VPS52,902,936,1353,789,754,873
VWF,2,0,4,13,7,1
WDR1,6822,7277,10863,6771,7207,7198
WFDC2,0,1,1,0,0,0
WNT5A,19,41,39,15,18,19
WWP2,1833,1727,2306,1054,1363,1331
XIAP,294,301,297,209,274,266
XPR1,532,641,855,619,751,686
XRCC1,966,1144,1273,824,841,859
XYLT1,82,77,66,94,70,76
XYLT2,577,521,744,503,456,444
ZACN,3,2,9,1,1,1
ZBED5,1118,1297,1373,977,1152,1045
ZBTB1,1182,1340,1470,1039,1099,1124
ZBTB4,1414,1441,1660,1092,1104,1174
ZC3H15,1536,1874,2313,1587,1759,1697
ZDHHC5,2534,2727,3571,2320,2532,2451
ZDHHC8,629,521,675,357,384,392
ZFAND4,483,597,554,282,378,406
ZFPM2,112,144,99,131,154,102
ZNF252,443,504,557,359,398,376
ZNF331,286,337,283,197,247,220
ZNF518B,933,1059,1357,859,954,933
ZNF622,213,172,314,119,175,165
ZP2,2,1,4,3,0,0
ZP3,1,0,0,2,4,0
